﻿<?xml version="1.0" encoding="utf-8" standalone="yes"?>
<Root>
  <homePage nodeName="something else" nodeType="1056" creatorName="admin" writerName="admin" writerID="0" templateID="1055" nodeTypeAlias="homePage" id="1079" parentID="-1" level="1" creatorID="0" sortOrder="0" createDate="2014-07-10T13:24:49" updateDate="2014-07-23T14:09:46" path="-1,1079" isDoc="" releaseDate="0001-01-01T00:00:00" expireDate="0001-01-01T00:00:00" parentGuid="" guid="aaeed0e6-e7c7-46f3-a569-46bf4ce01563" objectType="Document">
    <headerText dataTypeGuid="ec15c1e5-9d90-422a-aa52-4f7622c63bea">test header</headerText>
    <bodyText dataTypeGuid="5e9b75ae-face-41c8-b47e-5f4b0fd82f83"><![CDATA[<p>test body text</p>]]></bodyText>
    <image dataTypeGuid="ead69342-f06d-4253-83ac-28000225583b">ce4fe375-ea29-440b-a9bd-a9b36402a9ae</image>
    <myFlag dataTypeGuid="38b352c1-e9f8-4fd8-9324-9a2eab06d97a">1</myFlag>
    <mNTP dataTypeGuid="7e062c13-7c41-4ad9-b389-41d88aeef87c"><![CDATA[]]></mNTP>
    <mntpContnet dataTypeGuid="7e062c13-7c41-4ad9-b389-41d88aeef87c"><![CDATA[]]></mntpContnet>
    <contentPicker dataTypeGuid="158aa029-24ed-4948-939e-c3da209e5fba"></contentPicker>
  </homePage>
  <Image name="ali taheri 02" nodeTypeAlias="Image" guid="ce4fe375-ea29-440b-a9bd-a9b36402a9ae" parentGuid="-1" umbracoFile="/media/1010/ali_taheri.jpg" fileName="ali_taheri.jpg" objectType="Media">
    <altText dataTypeGuid="5032a6e6-69e3-491d-bb28-cd31cd11086c">my alt text for 02</altText>
    <alternativeImage dataTypeGuid="6c738306-4c17-4d88-b9bd-6546f3771597" umbracoFile="/media/1011/download.zip" fileName="download.zip" objectType="File">/media/1011/download.zip</alternativeImage>
  </Image>
</Root>